{"_step":2,"train_loss":1.0719344794750214,"val_loss":1.2573150545358658,"epoch":3,"_wandb":{"runtime":1180},"_timestamp":1.7434141962910693e+09,"_runtime":1179.2334481}