{"train_loss":3.2615387439727783,"_timestamp":1.7441596899509041e+09,"_step":0,"delta1":0.36759209632873535,"abs_rel":4.946080684661865,"epoch":1,"val_loss":2.830728530883789,"_wandb":{"runtime":29},"_runtime":18.4010351}