{"_runtime":31.4132116,"_step":1,"_wandb":{"runtime":39},"abs_rel":0.9949848055839539,"train_loss":2.65737247467041,"epoch":2,"val_loss":3.129091739654541,"delta1":0.00045132284867577255,"_timestamp":1.7441583407658298e+09}