{"_step":2,"train_loss":1.1440884441137313,"val_loss":1.3540409207344055,"epoch":3,"_timestamp":1.7433891897897568e+09,"_wandb":{"runtime":985},"_runtime":984.8316347}