{"_runtime":23.420283,"_wandb":{"runtime":34},"delta1":0.6582466959953308,"_timestamp":1.7442504848131258e+09,"train_loss":1.3165502548217773,"_step":0,"val_loss":0.9257673025131226,"abs_rel":0.2910762429237366,"epoch":1}