{"val_loss":0.5768240354955196,"epoch":1,"_timestamp":1.743380995460096e+09,"_runtime":83.8566699,"_wandb":{"runtime":136},"_step":0,"train_loss":1.2952110171318054}