{"_step":0,"train_loss":3.155961275100708,"val_loss":3.391502857208252,"abs_rel":0.6410279870033264,"epoch":1,"_wandb":{"runtime":28},"_runtime":18.4688954,"delta1":0.35534268617630005,"_timestamp":1.7441597840657961e+09}