{"train_loss":0.5078057516366243,"val_loss":0.5768240354955196,"epoch":3,"_timestamp":1.7433813725478773e+09,"_runtime":234.5786735,"_step":2,"_wandb":{"runtime":235}}