{"_timestamp":1.7433423475516272e+09,"_runtime":97.3149776,"_step":0,"train_loss":1.2111680656671524,"_wandb":{"runtime":131},"val_loss":1.414639562368393,"epoch":1}