{"_runtime":1840.0090694,"_step":0,"_wandb":{"runtime":2606},"train_loss":0.48135784462094305,"val_loss":0.9861307367682457,"epoch":1,"_timestamp":1.7433444409346595e+09}